lambda,examples,accuracy_count,accuracy,avg_gold_nll,avg_predicted_nll,avg_margin
0.0,24,7,0.2916666666666667,6.048242956399918,3.9753263096014657,2.627604136864344
0.75,24,18,0.75,0.9321474357323799,0.2915224262639337,3.0729166563784625
1.0,24,16,0.6666666666666666,1.2820658588364797,0.20394085727942488,4.442708302211638
