left,right,shared_tensors,cosine,sign_conflict,weighted_conflict,left_norm,right_norm
instruct,coder,290,0.1395829370985437,0.45373632851571055,0.38622394368064344,36.340577724430545,487.5180689893164
