expert_id,weight_general,weight_code,anchor_weight,search_weight_general,search_weight_code,projection_weight_general,projection_weight_code,projection_captured_fraction,same_shape_action
0,0.8717050110427442,0.12829498895725588,-1.1102230246251565e-16,0.75,0.25,0.8771238370737621,0.12287616292623793,0.9573736432462014,confidence_blended_search_and_output_projection_expert_delta
1,0.28127945952796524,0.7187205404720347,0.0,0.25,0.75,0.3435644042126932,0.6564355957873068,0.33430939673232896,confidence_blended_search_and_output_projection_expert_delta
2,0.3067813196264308,0.4766082628495627,0.21661041752400645,0.2754189944134078,0.5745810055865922,0.40705474846707906,0.16336417841269565,0.23825081140368431,confidence_blended_search_and_output_projection_expert_delta
3,0.26917972070500407,0.6396400740320383,0.09118020526295767,0.5,0.5,0.2533199043394669,0.649234837274603,0.9357069474005615,confidence_blended_search_and_output_projection_expert_delta
