expert_id,weight_general,weight_code,anchor_weight,prior_weight_general,prior_weight_code,prior_anchor_weight,same_shape_action
0,0.75,0.25,0.0,0.6785714285714285,0.1714285714285714,0.1500000000000001,calibration_searched_expert_delta
1,0.25,0.75,0.0,0.2989825581395349,0.5510174418604651,0.15000000000000002,calibration_searched_expert_delta
2,0.29359331476323125,0.5564066852367688,0.1499999999999999,0.29359331476323125,0.5564066852367688,0.1499999999999999,calibration_searched_expert_delta
3,0.5,0.5,0.0,0.42499999999999993,0.42499999999999993,0.15000000000000013,calibration_searched_expert_delta
