reference_expert,target_expert_before_alignment,output_cosine
0,1,0.9957007169723511
1,3,0.9406232833862305
2,0,0.971773087978363
3,2,0.9984489679336548
