pass,expert_id,previous_weight_general,previous_weight_code,selected_weight_general,selected_weight_code,prior_weight_general,prior_weight_code,calibration_general_loss,calibration_code_loss,calibration_avg_loss,calibration_worst_loss,calibration_general_acc,calibration_code_acc,calibration_worst_acc,prior_penalty,objective_name,objective,changed
0,0,0.6785714285714285,0.1714285714285714,0.75,0.25,0.6785714285714285,0.1714285714285714,0.6089838256835938,0.647608642578125,0.6282962341308593,0.647608642578125,0.802,0.758,0.758,0.011275510204081648,worst_loss,0.6478341527822067,True
0,1,0.2989825581395349,0.5510174418604651,0.25,0.75,0.2989825581395349,0.5510174418604651,0.6095663452148438,0.6463585205078125,0.6279624328613281,0.6463585205078125,0.8,0.762,0.762,0.053268859649727954,worst_loss,0.6474238977008071,True
0,2,0.29359331476323125,0.5564066852367688,0.29359331476323125,0.5564066852367688,0.29359331476323125,0.5564066852367688,0.6095663452148438,0.6463585205078125,0.6279624328613281,0.6463585205078125,0.8,0.762,0.762,0.053268859649727954,worst_loss,0.6474238977008071,False
0,3,0.42499999999999993,0.42499999999999993,0.5,0.5,0.42499999999999993,0.42499999999999993,0.6093191223144532,0.6459878234863281,0.6276534729003906,0.6459878234863281,0.802,0.764,0.764,0.06451885964972798,worst_loss,0.6472782006793226,True
1,0,0.75,0.25,0.75,0.25,0.6785714285714285,0.1714285714285714,0.6093191223144532,0.6459878234863281,0.6276534729003906,0.6459878234863281,0.802,0.764,0.764,0.06451885964972798,worst_loss,0.6472782006793226,False
1,1,0.25,0.75,0.25,0.75,0.2989825581395349,0.5510174418604651,0.6093191223144532,0.6459878234863281,0.6276534729003906,0.6459878234863281,0.802,0.764,0.764,0.06451885964972798,worst_loss,0.6472782006793226,False
1,2,0.29359331476323125,0.5564066852367688,0.29359331476323125,0.5564066852367688,0.29359331476323125,0.5564066852367688,0.6093191223144532,0.6459878234863281,0.6276534729003906,0.6459878234863281,0.802,0.764,0.764,0.06451885964972798,worst_loss,0.6472782006793226,False
1,3,0.5,0.5,0.5,0.5,0.42499999999999993,0.42499999999999993,0.6093191223144532,0.6459878234863281,0.6276534729003906,0.6459878234863281,0.802,0.764,0.764,0.06451885964972798,worst_loss,0.6472782006793226,False
