reference_expert,target_expert_before_alignment,output_cosine
0,1,0.9956730008125305
1,3,0.9426236748695374
2,0,0.9724326133728027
3,2,0.998530387878418
