expert_id,weight_general,weight_code,anchor_weight,prior_weight_general,prior_weight_code,prior_anchor_weight,same_shape_action
0,0.75,0.25,0.0,0.687431693989071,0.16256830601092895,0.15000000000000005,calibration_searched_expert_delta
1,0.25,0.75,0.0,0.3166189111747851,0.5333810888252148,0.15000000000000013,calibration_searched_expert_delta
2,0.2754189944134078,0.5745810055865922,0.15000000000000002,0.2754189944134078,0.5745810055865922,0.15000000000000002,calibration_searched_expert_delta
3,0.5,0.5,0.0,0.4161290322580646,0.43387096774193545,0.1499999999999999,calibration_searched_expert_delta
