method,description,general_loss,code_loss,general_acc,code_acc,avg_loss,worst_loss,avg_acc,worst_acc
base,mixed-task base before fine-tuning,0.6132783508300781,0.6422484016418457,0.7975,0.775,0.6277633762359619,0.6422484016418457,0.78625,0.775
general_endpoint,general source endpoint,0.5947745513916015,0.635798454284668,0.8125,0.78,0.6152865028381347,0.635798454284668,0.79625,0.78
code_endpoint_permuted,code source endpoint with function-preserving expert permutation,0.6100067901611328,0.6259734725952149,0.8175,0.8025,0.6179901313781738,0.6259734725952149,0.81,0.8025
all_weight_average,average same-name router and expert tensors without expert matching,0.6570385360717773,0.6685362434387208,0.6875,0.62,0.662787389755249,0.6685362434387208,0.65375,0.62
router_frozen_average,all-weight average but router tensors reset to base,0.6517514991760254,0.6800393486022949,0.69,0.615,0.6658954238891601,0.6800393486022949,0.6525,0.615
expert_matched_average,align code experts to general source by output cosine before averaging,0.6019072341918945,0.6304422187805175,0.8175,0.8,0.6161747264862061,0.6304422187805175,0.8087500000000001,0.8
route_aware_expert_average,freeze base router and use route-frequency expert source weights,0.6051702117919922,0.6338796043395996,0.8075,0.79,0.6195249080657959,0.6338796043395996,0.7987500000000001,0.79
