expert_id,route_mass_general,route_mass_code,weight_general,weight_code,anchor_floor,same_shape_action
0,0.37,0.0875,0.687431693989071,0.16256830601092895,0.15,route_frequency_weighted_average
1,0.1625,0.27375,0.3166189111747851,0.5333810888252148,0.15,route_frequency_weighted_average
2,0.145,0.3025,0.2754189944134078,0.5745810055865922,0.15,route_frequency_weighted_average
3,0.3225,0.33625,0.4161290322580646,0.43387096774193545,0.15,route_frequency_weighted_average
