kl_coef,calib_general_loss,calib_code_loss,calib_avg_loss,calib_worst_loss,calib_general_acc,calib_code_acc,calib_avg_acc,calib_worst_acc,test_general_loss,test_code_loss,test_avg_loss,test_worst_loss,test_general_acc,test_code_acc,test_avg_acc,test_worst_acc,min_test_top1_agreement,min_test_topk_jaccard,max_test_top1_fraction,mean_test_router_entropy,eligible_by_route_guard,selected_by_guarded_calib_worst_loss
0.0,0.58823779296875,0.6264430847167969,0.6073404388427734,0.6264430847167969,0.832,0.808,0.8200000000000001,0.808,0.5739231872558593,0.6284494781494141,0.6011863327026368,0.6284494781494141,0.86,0.795,0.8275,0.795,0.699999988079071,0.8,0.68,1.2647247910499573,False,False
0.05,0.5887359924316407,0.6266932373046875,0.607714614868164,0.6266932373046875,0.83,0.808,0.819,0.808,0.5744616317749024,0.6286233329772949,0.6015424823760986,0.6286233329772949,0.8625,0.8,0.83125,0.8,0.7275000214576721,0.8091666666666667,0.675,1.2663270235061646,False,False
0.25,0.5909534912109375,0.6279638671875,0.6094586791992187,0.6279638671875,0.834,0.804,0.819,0.804,0.5768692970275879,0.6298624610900879,0.6033658790588379,0.6298624610900879,0.86,0.7975,0.82875,0.7975,0.824999988079071,0.8366666666666667,0.645,1.2717357277870178,True,True
1.0,0.5958576049804688,0.6331216430664063,0.6144896240234375,0.6331216430664063,0.828,0.79,0.8089999999999999,0.79,0.5822589874267579,0.6358426284790039,0.6090508079528809,0.6358426284790039,0.86,0.77,0.815,0.77,0.9100000262260437,0.9033333333333333,0.6,1.2845895290374756,True,False
4.0,0.6041536560058594,0.6434757385253906,0.623814697265625,0.6434757385253906,0.818,0.762,0.79,0.762,0.5909169387817382,0.6471441268920899,0.6190305328369141,0.6471441268920899,0.835,0.75,0.7925,0.75,0.9700000286102295,0.9566666666666667,0.5825,1.3052732348442078,True,False
