{
  "changed_group_count": 2631,
  "delta_norm_proxy": 20.38787714192338,
  "delta_norm_proxy_ratio": 0.9828301152469819,
  "feasible_for_selection": true,
  "fine_layer_coder_retention": 0.9499999999999998,
  "groups_gt_050": 597,
  "groups_gt_065": 0,
  "max_predicted_relative_delta": 0.65,
  "mean_layer_coefficient": 0.9849284760633226,
  "min_layer_coefficient": 0.95,
  "objective": 0.015500996247629673,
  "p99_predicted_relative_delta": 0.65,
  "passes_hard_cap_constraint": true,
  "passes_retention_constraint": true,
  "risk_weighted_delta": 0.23581602712959301,
  "risk_weighted_delta_reduction": 0.02070143734871077,
  "route_mass_weighted_coder_retention": 0.985141596854054,
  "schedule_id": "policy_095_098_100"
}
