{
  "changed_group_count": 2623,
  "delta_norm_proxy": 20.388231959087996,
  "delta_norm_proxy_ratio": 0.9828472197739695,
  "feasible_for_selection": true,
  "fine_layer_coder_retention": 0.9499999999999998,
  "groups_gt_050": 600,
  "groups_gt_065": 0,
  "max_predicted_relative_delta": 0.65,
  "mean_layer_coefficient": 0.984999046347511,
  "min_layer_coefficient": 0.95,
  "objective": 0.01546846041860759,
  "p99_predicted_relative_delta": 0.65,
  "passes_hard_cap_constraint": true,
  "passes_retention_constraint": true,
  "risk_weighted_delta": 0.23617726691389881,
  "risk_weighted_delta_reduction": 0.020674357306520674,
  "route_mass_weighted_coder_retention": 0.9851260088916769,
  "schedule_id": "policy_095_098_100"
}
