tensor,stage,hidden_rows,hidden_dim,num_experts,route_kl,top1_agreement,topk_jaccard,capacity_overflow_fraction,top1_capacity_overflow_fraction,topk_capacity_overflow_fraction,top1_max_load_fraction,topk_max_load_fraction,quadratic_proxy,delta_norm,base_norm,relative_delta_norm,max_relative_norm_cap,cap_utilization,cg_iterations,cg_relative_residual,cg_converged
model.layers.0.mlp.gate.weight,initial,256,6,12,0.02579760178923607,0.75,0.844397095959596,0.0,0.1614583432674408,0.0,0.18359375,0.09765625,0.025075171142816544,0.0,2.3060221672058105,0.0,0.5,0.0,,,
model.layers.0.mlp.gate.weight,final,256,6,12,5.422691174317151e-06,1.0,0.9965277777777778,0.0032504871487617493,0.1809895932674408,0.0,0.19921875,0.0927734375,5.41355393579579e-06,0.8378682732582092,2.3060221672058105,0.363339210339616,0.5,0.726678420679232,8.0,3.1395205092098456e-05,True
model.layers.1.mlp.gate.weight,initial,256,6,12,0.03781484067440033,0.57421875,0.8224747474747475,0.0,0.2513020932674408,0.0,0.2109375,0.09814453125,0.037320274859666824,0.0,2.1311869621276855,0.0,0.5,0.0,,,
model.layers.1.mlp.gate.weight,final,256,6,12,6.884336471557617e-06,0.99609375,0.9973958333333334,0.0,0.1184895932674408,0.0,0.14453125,0.09912109375,6.875742201373214e-06,0.9883280396461487,2.1311869621276855,0.4637453481131681,0.5,0.9274906962263362,7.0,2.9155617209470298e-05,True
