{
  "models": {
    "instruct": "Qwen/Qwen3-30B-A3B-Instruct-2507",
    "coder": "Qwen/Qwen3-Coder-30B-A3B-Instruct"
  },
  "results": {
    "instruct": {
      "general": 2.2875213772642846,
      "code": 0.4288048675897959,
      "worst": 2.2875213772642846,
      "avg": 1.3581631224270403
    },
    "coder": {
      "general": 2.612315248975567,
      "code": 0.6110744788195636,
      "worst": 2.612315248975567,
      "avg": 1.6116948638975652
    },
    "linear_merge": {
      "general": 2.635451223336014,
      "code": 0.5153670700176343,
      "worst": 2.635451223336014,
      "avg": 1.575409146676824
    },
    "linear_merge_routercal": {
      "general": 2.4140237745895883,
      "code": 0.41487752824216273,
      "worst": 2.4140237745895883,
      "avg": 1.4144506514158754
    }
  },
  "steps": 80,
  "lr": 0.0002
}