lambda,examples,exact_count,exact_match,loose_exact_count,loose_exact_match,hash_format_count,hash_format_rate,avg_generated_chars
0.0,12,0,0.0,1,0.08333333333333333,0,0.0,583.8333333333334
0.75,12,1,0.08333333333333333,3,0.25,1,0.08333333333333333,508.6666666666667
1.0,12,1,0.08333333333333333,2,0.16666666666666666,1,0.08333333333333333,555.8333333333334
