layer,out_features,in_features,ridge_value
net.0,128,64,0.026506778846153847
net.3,64,128,0.057426158440489976
net.6,10,64,0.14114127338799573
