subspace_action,expert_count,route_mass_sum,mean_subspace_conflict_score,mean_subspace_extra_scale,coder_weight_reduction_sum
route_important_subspace_conflict_lower_cap_or_chunk,7,1.256893650414748,0.8359823791139173,0.9287636616214626,0.23496287965320412
lower_nonbase_weight_for_subspace_conflict,1081,42.58088957112577,0.8163182369252061,0.9999651240529271,0.018115411798223513
identity_average_subspace_ok,3242,324.69101599017347,0.35293744950773737,1.0,0.0
monitor_subspace_conflict_in_vllm_gate,1579,147.97401872784212,0.6289423483881581,1.0,0.0
current_unified_cap_covers_route_subspace_conflict,235,59.49718206044272,0.8042112714453551,1.0,0.0
