lambda,examples,solution_tokens,avg_solution_nll,solution_ppl,mean_task_nll,median_task_nll
0.0,24,1280,0.9969872534275055,2.7101046582531394,1.367572664205584,1.1974800191027053
0.75,24,1280,0.9712981969118119,2.6413712545510193,1.3176264232270873,1.168347046421053
1.0,24,1280,0.964464382827282,2.623382151570912,1.2994269650489716,1.1688792085672328
