tensor,stage,route_kl,top1_agreement,topk_jaccard,capacity_overflow_fraction,delta_norm,base_norm,relative_delta_norm,max_abs_delta
model.layers.0.router.weight,initial,0.17522408068180084,0.5260416865348816,0.5225694444444444,0.0,0.0,1.4786373376846313,0.0,0.0
model.layers.0.router.weight,final,0.05159498378634453,0.7708333134651184,0.7230902777777778,0.0,0.7393186688423157,1.4786373376846313,0.5,0.16880227625370026
