tensor,stage,selection_split,train_samples,selection_samples,validation_fraction,route_kl,top1_agreement,topk_jaccard,capacity_overflow_fraction,top1_max_load_fraction,top1_capacity_overflow_fraction,top1_load_entropy,top1_load_cv,topk_max_load_fraction,topk_capacity_overflow_fraction,topk_load_entropy,topk_load_cv,delta_norm,base_norm,relative_delta_norm,max_abs_delta,selected_epoch,selection_score,selection_policy,selected_route_kl,selected_top1_agreement
model.layers.0.router.weight,initial,validation,307,77,0.20052083333333334,0.18935029208660126,0.4545454680919647,0.4805194805194805,0.0,0.3246753215789795,0.012175321578979492,0.9870623350143433,0.1921902447938919,0.27272728085517883,0.0,0.9969542622566223,0.09090910106897354,0.0,1.4786373376846313,0.0,0.0,,,,,
model.layers.0.router.weight,final,validation,307,77,0.20052083333333334,0.05573178455233574,0.7792207598686218,0.7056277056277056,0.0,0.3636363744735718,0.06331169605255127,0.8298590183258057,0.5551093816757202,0.2922077775001526,0.0,0.9951048493385315,0.11688309907913208,0.7393187284469604,1.4786373376846313,0.5000000403105233,0.16810382902622223,2.0,0.1738324575126171,capacity_aware,0.05573178455233574,0.7792207598686218
