tensor,stage,route_kl,top1_agreement,topk_jaccard,capacity_overflow_fraction,top1_max_load_fraction,top1_capacity_overflow_fraction,top1_load_entropy,top1_load_cv,topk_max_load_fraction,topk_capacity_overflow_fraction,topk_load_entropy,topk_load_cv,delta_norm,base_norm,relative_delta_norm,max_abs_delta
model.layers.0.router.weight,initial,0.17522408068180084,0.5260416865348816,0.5225694444444444,0.0,0.3671875,0.0546875,0.9573919177055359,0.3438289165496826,0.2747395932674408,0.0,0.9985400438308716,0.06389503180980682,0.0,1.4786373376846313,0.0,0.0
model.layers.0.router.weight,final,0.05159498378634453,0.7708333134651184,0.7230902777777778,0.0,0.4010416567325592,0.0885416567325592,0.8862180709838867,0.5042678117752075,0.2734375,0.0,0.9986437559127808,0.0615156851708889,0.7393186688423157,1.4786373376846313,0.5,0.16880227625370026
