tensor,stage,route_kl,top1_agreement,topk_jaccard,capacity_overflow_fraction,top1_max_load_fraction,top1_capacity_overflow_fraction,top1_load_entropy,top1_load_cv,topk_max_load_fraction,topk_capacity_overflow_fraction,topk_load_entropy,topk_load_cv,delta_norm,base_norm,relative_delta_norm,max_abs_delta,selected_epoch,selection_score,selection_policy,selected_route_kl,selected_top1_agreement
model.layers.0.router.weight,initial,0.17522408068180084,0.5260416865348816,0.5225694444444444,0.0,0.3671875,0.0546875,0.9573919177055359,0.3438289165496826,0.2747395932674408,0.0,0.9985400438308716,0.06389503180980682,0.0,1.4786373376846313,0.0,0.0,,,,,
model.layers.0.router.weight,final,0.0502636581659317,0.7760416865348816,0.7309027777777778,0.0,0.4010416567325592,0.0885416567325592,0.8865761756896973,0.5031907558441162,0.26953125,0.0,0.9990814328193665,0.05063078552484512,0.7393186092376709,1.4786373376846313,0.49999995968947675,0.17553216218948364,7.0,0.1401073858141899,capacity_aware,0.0502636581659317,0.7760416865348816
