{
  "model": "Qwen/Qwen3-30B-A3B-Thinking-2507",
  "name": "thinking",
  "mmlu": 0.7916666666666666,
  "gsm8k": 0.75,
  "humaneval": 0.9,
  "avg": 0.8138888888888888,
  "worst": 0.75
}