mechanistic_binding,group_count,route_mass_sum,mean_prior_scale,mean_selected_scale,mean_scale_delta,mean_benefit_term,mean_curvature_delta_term,mean_interference_term,mean_solver_gradient_at_prior,mean_selected_expected_delta_norm,hard_cap_bound_fraction,objective_gain_vs_prior
cost_gradient_shrink,3999,379.7696064490052,0.9631272801462296,0.956272793800688,-0.0068544863455415545,0.563108077245964,0.04711583214782682,0.4252091695887446,-0.30747736417175153,0.17756872724893935,0.0,0.0023919132460222267
hard_cap_bound,636,126.82420289787362,0.9840383634454561,0.9843901484242309,0.00035178497877465616,0.8817749529686636,0.0588897689205575,0.24957496505264978,0.32556940715912175,0.2617556322935096,1.0,6.104207085009946e-05
benefit_gradient_restore,608,69.40619065311992,0.8912525829212672,0.8938257829826198,0.0025732000613526602,0.8156242087111867,0.14695665692130702,0.30866269463015505,0.10757062211819778,0.32831246727840296,0.0,0.000562220203988712
