{
  "candidate_family": "threshold_efficient_cap",
  "candidate_id": "uniform_0.65",
  "delta_norm_proxy": 1023.6475821478463,
  "delta_norm_proxy_ratio_vs_uncapped": 0.8738030177648574,
  "max_predicted_relative_delta": 0.6500000000000001,
  "max_target_cap": 0.65,
  "mean_delta_scale": 0.9824001831026151,
  "mean_target_cap": 0.6500000000000001,
  "min_delta_scale": 0.48973923515639084,
  "min_target_cap": 0.65,
  "nonbase_mass_retention": 0.9822839246724455,
  "p99_predicted_relative_delta": 0.65,
  "passes_hard_cap": true,
  "risk_weighted_predicted_relative_delta": 0.24921164916697044,
  "route_mass_weighted_original_nonbase": 121.62061756652666,
  "route_mass_weighted_preserved_nonbase": 119.46597754433438,
  "routed_gt_050_groups": 610,
  "routed_gt_065_groups": 0,
  "routed_gt_075_groups": 0,
  "routed_gt_hard_cap_groups": 0,
  "scaled_group_count": 405,
  "unified_objective": 1.1486988339872581
}
