{
  "candidate_family": "router_and_evidence_weighted_risk",
  "candidate_id": "router_evidence_risk_s0.75",
  "delta_norm_proxy": 990.714662971548,
  "delta_norm_proxy_ratio_vs_uncapped": 0.8456909168212151,
  "geometry_weighted_predicted_relative_delta": 0.21844699642308799,
  "high_geometry_group_count": 204,
  "high_geometry_mean_scale": 0.9986169963546883,
  "max_predicted_relative_delta": 0.6234276715724305,
  "max_target_cap": 0.6388412869619535,
  "mean_delta_scale": 0.9773580670284343,
  "mean_target_cap": 0.6092829932256164,
  "min_delta_scale": 0.4464860871515375,
  "min_target_cap": 0.5860879954546792,
  "nonbase_mass_retention": 0.9757834655609336,
  "p99_predicted_relative_delta": 0.6125904158163065,
  "passes_hard_cap": true,
  "risk_weighted_predicted_relative_delta": 0.22730314561033543,
  "route_geometry_risk_weighted_coder_retention": 0.9790938938564605,
  "route_mass_weighted_original_nonbase": 121.62061756652666,
  "route_mass_weighted_preserved_nonbase": 118.67538769272635,
  "routed_gt_050_groups": 610,
  "routed_gt_065_groups": 0,
  "routed_gt_075_groups": 0,
  "routed_gt_hard_cap_groups": 0,
  "scaled_group_count": 466,
  "unified_objective": 1.4869445642046188
}
