{
  "candidate_family": "subspace_weighted_cap",
  "candidate_id": "subspace_cap_s1.00",
  "delta_norm_proxy": 993.8123452339023,
  "delta_norm_proxy_ratio_vs_uncapped": 0.8483351511808982,
  "geometry_weighted_predicted_relative_delta": 0.21844317628687349,
  "high_geometry_group_count": 204,
  "high_geometry_mean_scale": 0.9982813935364963,
  "high_subspace_group_count": 1139,
  "high_subspace_mean_scale": 0.9613941409005723,
  "max_predicted_relative_delta": 0.6438448490662683,
  "max_target_cap": 0.6445946641826986,
  "mean_delta_scale": 0.9778120149342749,
  "mean_target_cap": 0.6022349821712885,
  "min_delta_scale": 0.4338239390277423,
  "min_target_cap": 0.5567582888217979,
  "nonbase_mass_retention": 0.9763369804277124,
  "p99_predicted_relative_delta": 0.6285540555520458,
  "passes_hard_cap": true,
  "risk_weighted_predicted_relative_delta": 0.22470816127139095,
  "route_geometry_risk_weighted_coder_retention": 0.9792416583279486,
  "route_mass_weighted_original_nonbase": 121.62061756652666,
  "route_mass_weighted_preserved_nonbase": 118.74270651265624,
  "routed_gt_050_groups": 610,
  "routed_gt_065_groups": 0,
  "routed_gt_075_groups": 0,
  "routed_gt_hard_cap_groups": 0,
  "scaled_group_count": 458,
  "subspace_risk_weighted_coder_retention": 0.9737607662389383,
  "subspace_weighted_predicted_relative_delta": 0.21478052015965876,
  "unified_objective": 1.6753461104580594
}
