risk_flag,tensor_count,actual_changed_tensors,mean_abs_relative_error,p99_abs_relative_error,max_abs_relative_error,mean_abs_delta_norm_error,max_abs_delta_norm_error,max_actual_relative_delta_norm,max_predicted_relative_delta_norm,actual_relative_delta_gt_075,predicted_relative_delta_gt_075,rounding_slop_gt_075
category_source_mismatch,456,354,2.550637433507823e-06,3.762063615977417e-05,6.70113083998114e-05,7.346822195603106e-05,0.001964334207816165,0.6200131440853464,0.62,0,0,0
delta_above_base_cap,906,906,4.132432389046405e-06,2.945243223746455e-05,9.306381069340564e-05,0.00012082828011121173,0.0027640927561201067,0.7500218768922794,0.75,14,0,14
fragile_router_layer,7896,5010,3.996094908229821e-07,8.522554802842262e-06,9.306381069340564e-05,1.1576684684241616e-05,0.0027640927561201067,0.70001126453107,0.7000000000000001,0,0,0
high_load_expert,4950,3570,1.8378590239221846e-07,5.966225636034926e-06,1.752817128986006e-05,5.563919381810672e-06,0.0005194685077114514,0.6500138311926386,0.65,0,0,0
high_load_weight_limit,186,186,4.409407420000983e-06,1.5627353449987344e-05,1.752817128986006e-05,0.0001339436195752861,0.0005194685077114514,0.6500138311926386,0.65,0,0,0
low_route_evidence,2952,891,1.0555555909534886e-06,1.869375008719418e-05,9.306381069340564e-05,3.140057503314547e-05,0.0027640927561201067,0.6000673937691637,0.6000000000000001,0,0,0
no_risk_flag,3963,834,0.0,0.0,0.0,3.025588863475067e-18,3.552713678800501e-15,0.7494104602083921,0.7494104602083921,0,0,0
shared_mixed_expert,6654,5460,2.624141744314142e-09,0.0,6.201446921982878e-06,7.643242025110188e-08,0.00018548957933361976,0.6800022588049708,0.68,0,0,0
shared_weight_limit,3,3,4.341110369732171e-06,6.17057461871795e-06,6.201446921982878e-06,0.0001275447946274729,0.00018548957933361976,0.6800021640524285,0.68,0,0,0
