lambda,general_nll,instruction_nll,avg_nll,worst_nll,general_ppl,instruction_ppl,general_tokens,instruction_tokens
-0.25,4.8105305836613015,4.938109153924986,4.874319868793144,4.938109153924986,122.79675418694319,139.50621523501908,133,43
0.0,4.7827311350886985,3.611607928608739,4.1971695318487185,4.7827311350886985,119.43008472467085,37.025539400970914,133,43
0.25,4.771846226283482,2.3459245770476587,3.55888540166557,4.771846226283482,118.13714865514453,10.442923552823045,133,43
0.5,4.7556229211334,1.850672630376594,3.3031477757549967,4.7556229211334,116.23603650110263,6.364098769416748,133,43
0.75,4.755823752037565,1.810802844537119,3.283313298287342,4.755823752037565,116.25938263364374,6.115355141371056,133,43
1.0,4.7464094807330826,1.87400719433208,3.3102083375325813,4.7464094807330826,115.17002108213147,6.514348426750092,133,43
1.25,4.740916087215108,1.9515206148450044,3.3462183510300565,4.740916087215108,114.53908142144934,7.039383637495679,133,43
