{
  "benefit_gain": 1.65,
  "benefit_weighted_scale": 0.9772333747867289,
  "candidate_id": "s0.16_b1.65_h1.25_i1.00",
  "curvature_gain": 1.25,
  "group_count": 5243,
  "hard_cap_violation_count": 0,
  "high_benefit_low_risk_group_count": 186,
  "high_benefit_low_risk_mean_scale": 0.8652719229158106,
  "high_interference_low_benefit_group_count": 314,
  "high_interference_low_benefit_mean_scale": 0.9533264400581084,
  "high_subspace_group_count": 1139,
  "high_subspace_mean_scale": 0.9281971126193738,
  "interference_gain": 1.0,
  "max_predicted_relative_delta": 0.65,
  "mean_mechanistic_loss_proxy": 0.029011101792307627,
  "mean_scale": 0.958911886608893,
  "mechanistic_objective": 0.18149951375175324,
  "min_scale": 0.41791358379857446,
  "nonbase_mass_retention": 0.9653481845843201,
  "p99_predicted_relative_delta": 0.6440014595506043,
  "passes_hard_cap": true,
  "restored_group_count": 153,
  "risk_weighted_predicted_delta": 0.2303343840396321,
  "route_mass_weighted_predicted_delta": 0.2150649443491447,
  "scaled_group_count": 4107,
  "step_size": 0.16
}
