{
  "benefit_gain": 1.65,
  "benefit_weighted_scale": 0.9755618184664125,
  "candidate_id": "s0.08_b1.65_h0.75_i0.75",
  "curvature_gain": 0.75,
  "group_count": 5243,
  "hard_cap_violation_count": 0,
  "high_benefit_low_risk_group_count": 186,
  "high_benefit_low_risk_mean_scale": 0.8654175565354157,
  "high_interference_low_benefit_group_count": 314,
  "high_interference_low_benefit_mean_scale": 0.9665325562610788,
  "high_subspace_group_count": 1139,
  "high_subspace_mean_scale": 0.9376257848679225,
  "interference_gain": 0.75,
  "max_predicted_relative_delta": 0.65,
  "mean_mechanistic_loss_proxy": 0.029014030505887425,
  "mean_scale": 0.962086915227597,
  "mechanistic_objective": 0.18220918416830184,
  "min_scale": 0.4306440943988023,
  "nonbase_mass_retention": 0.9650416550239659,
  "p99_predicted_relative_delta": 0.6413990981274804,
  "passes_hard_cap": true,
  "restored_group_count": 220,
  "risk_weighted_predicted_delta": 0.23042415119706997,
  "route_mass_weighted_predicted_delta": 0.215059973062201,
  "scaled_group_count": 4736,
  "step_size": 0.08
}
