tensor,stage,route_kl,top1_agreement,topk_jaccard,capacity_overflow_fraction,delta_norm,base_norm,relative_delta_norm,max_abs_delta
blocks.0.router.weight,initial,0.08391448855400085,0.71875,0.6875,0.0,0.0,1.0229910612106323,0.0,0.0
blocks.0.router.weight,final,0.029579805210232735,0.8645833134651184,0.8194444444444445,0.0,0.5114955306053162,1.0229910612106323,0.5,0.1613316684961319
blocks.1.router.weight,initial,0.04086630418896675,0.6875,0.8194444444444445,0.0,0.0,1.0621159076690674,0.0,0.0
blocks.1.router.weight,final,0.011196945793926716,0.8958333134651184,0.9305555555555555,0.0,0.5310580134391785,1.0621159076690674,0.5000000561187761,0.19248884916305542
