tensor,stage,selection_split,train_samples,selection_samples,validation_fraction,train_group_count,validation_group_count,route_kl,top1_agreement,topk_jaccard,capacity_overflow_fraction,top1_max_load_fraction,top1_capacity_overflow_fraction,top1_load_entropy,top1_load_cv,topk_max_load_fraction,topk_capacity_overflow_fraction,topk_load_entropy,topk_load_cv,delta_norm,base_norm,relative_delta_norm,max_abs_delta,selected_epoch,selection_score,selection_policy,selected_route_kl,selected_top1_agreement,train_final_route_kl,train_final_top1_agreement,train_final_top1_capacity_overflow_fraction,train_final_topk_capacity_overflow_fraction,route_kl_generalization_gap,top1_generalization_drop
blocks.0.router.weight,initial,group_validation,72,24,0.25,3,1,0.058044541627168655,0.7083333134651184,0.7222222222222222,0.0,0.3333333432674408,0.020833343267440796,0.9856259226799011,0.20412416756153107,0.4375,0.125,0.9384471774101257,0.4370036721229553,0.0,1.0229910612106323,0.0,0.0,,,,,,,,,,,
blocks.0.router.weight,final,group_validation,72,24,0.25,3,1,0.058044541627168655,0.7083333134651184,0.7222222222222222,0.0,0.3333333432674408,0.020833343267440796,0.9856259226799011,0.20412416756153107,0.4375,0.125,0.9384471774101257,0.4370036721229553,0.0,1.0229910612106323,0.0,0.0,0.0,0.12575287744402885,capacity_aware,0.058044541627168655,0.7083333134651184,0.0925377905368805,0.7222222089767456,0.0,0.006944447755813599,-0.03449324890971184,0.013888895511627197
blocks.1.router.weight,initial,group_validation,72,24,0.25,3,1,0.03667500615119934,0.75,0.8055555555555555,0.0,0.4166666567325592,0.1666666567325592,0.8393853306770325,0.6123723983764648,0.2916666567325592,0.0,0.9899343848228455,0.1666666716337204,0.0,1.0621159076690674,0.0,0.0,,,,,,,,,,,
blocks.1.router.weight,final,group_validation,72,24,0.25,3,1,0.00875352043658495,0.9166666865348816,1.0,0.0,0.375,0.125,0.9056390523910522,0.5,0.2916666567325592,0.0,0.9908400177955627,0.15590238571166992,0.5310579538345337,1.0621159076690674,0.5,0.19532279670238495,7.0,0.04000352043658495,capacity_aware,0.00875352043658495,0.9166666865348816,0.012884014286100864,0.8888888955116272,0.1388888657093048,0.0,-0.004130493849515915,-0.027777791023254395
