tensor,stage,route_kl,top1_agreement,topk_jaccard,capacity_overflow_fraction,top1_max_load_fraction,top1_capacity_overflow_fraction,top1_load_entropy,top1_load_cv,topk_max_load_fraction,topk_capacity_overflow_fraction,topk_load_entropy,topk_load_cv,delta_norm,base_norm,relative_delta_norm,max_abs_delta,selected_epoch,selection_score,selection_policy,selected_route_kl,selected_top1_agreement
blocks.0.router.weight,initial,0.08391448855400085,0.71875,0.6875,0.0,0.28125,0.0,0.9958351850509644,0.10622957348823547,0.2864583432674408,0.0,0.993144690990448,0.13740529119968414,0.0,1.0229910612106323,0.0,0.0,,,,,
blocks.0.router.weight,final,0.027274876832962036,0.8645833134651184,0.8194444444444445,0.0,0.3125,0.0,0.9694876074790955,0.2748105227947235,0.28125,0.0,0.9938192963600159,0.12842528522014618,0.5114955306053162,1.0229910612106323,0.5,0.17465412616729736,9.0,0.027274876832962036,capacity_aware,0.027274876832962036,0.8645833134651184
blocks.1.router.weight,initial,0.04086630418896675,0.6875,0.8194444444444445,0.0,0.4583333432674408,0.15625,0.8659146428108215,0.5987545251846313,0.2708333432674408,0.0,0.9989913105964661,0.05311480164527893,0.0,1.0621159076690674,0.0,0.0,,,,,
blocks.1.router.weight,final,0.010602038353681564,0.9375,0.9305555555555555,0.0,0.3958333432674408,0.10416668653488159,0.8977762460708618,0.4991312026977539,0.2864583432674408,0.0,0.9958377480506897,0.10724615305662155,0.5310579538345337,1.0621159076690674,0.5,0.199149489402771,7.0,0.03664370998740196,capacity_aware,0.010602038353681564,0.9375
