tensor,stage,route_kl,top1_agreement,topk_jaccard,capacity_overflow_fraction,top1_max_load_fraction,top1_capacity_overflow_fraction,top1_load_entropy,top1_load_cv,topk_max_load_fraction,topk_capacity_overflow_fraction,topk_load_entropy,topk_load_cv,delta_norm,base_norm,relative_delta_norm,max_abs_delta
blocks.0.router.weight,initial,0.08391448855400085,0.71875,0.6875,0.0,0.28125,0.0,0.9958351850509644,0.10622957348823547,0.2864583432674408,0.0,0.993144690990448,0.13740529119968414,0.0,1.0229910612106323,0.0,0.0
blocks.0.router.weight,final,0.029579805210232735,0.8645833134651184,0.8194444444444445,0.0,0.3125,0.0,0.9694876074790955,0.2748105227947235,0.2760416567325592,0.0,0.9950554370880127,0.11505584418773651,0.5114955306053162,1.0229910612106323,0.5,0.1613316684961319
blocks.1.router.weight,initial,0.04086630418896675,0.6875,0.8194444444444445,0.0,0.4583333432674408,0.15625,0.8659146428108215,0.5987545251846313,0.2708333432674408,0.0,0.9989913105964661,0.05311480164527893,0.0,1.0621159076690674,0.0,0.0
blocks.1.router.weight,final,0.011196945793926716,0.8958333134651184,0.9305555555555555,0.0,0.40625,0.1354166567325592,0.8752881288528442,0.5504102110862732,0.2916666567325592,0.0,0.9957537651062012,0.10925091058015823,0.5310580134391785,1.0621159076690674,0.5000000561187761,0.19248884916305542
