layer,numel,cosine,sign_conflict,weighted_conflict,living_norm,object_norm
weight,15360,-0.0680230470334473,0.5403645634651184,0.5534518957138062,4.865096569061279,4.013360977172852
bias,20,-0.4861445044482805,0.800000011920929,0.8317997455596924,0.11640582978725433,0.13745743036270142
