group,tensor_count,numel,instruct_delta_l2,coder_delta_l2,delta_l2_ratio_instruct_over_coder,delta_cosine,sign_conflict_rate,mean_tensor_cosine
mlp,72,313786368,27.53003007522032,391.18693300356335,0.07037563822452512,0.14164567569465497,0.44229469405951655,0.14390965097297176
embedding_anchor,1,136134656,20.32183604558584,221.05794984008153,0.09192990372111534,0.14156229831370962,0.44771652759434627,0.14156229831370962
attention,168,44067840,11.725963244375135,184.53246729950524,0.06354417418233141,0.13792698135605322,0.44201286039010734,0.14419845185310967
norm_anchor,49,43904,3.5054877658040873,41.55284537707339,0.08436215941395497,0.09007268321446049,0.4408308961751677,-0.16386610937056742
